,room_name,age
0,Room #661,10.666666666666666
1,Room #913,18.666666666666668
2,Room #111,30.8
3,Room #957,32.111111111111114
4,Room #773,34.27272727272727
